"","model_name","EVAL_SITE","CORR_SITE","MAX","MIN","MEDIAN","AVG","STDEV","NROWS"
"1","wide_Bruce Randolph (CS19) CAMP State Site lm all","wide_Bruce Randolph (CS19).csv","CAMP State Site lm all",121.064080796339,2.76927469804783,9.56703469522974,12.3370475577996,6.88959227222569,79716
"2","wide_CEC Early College (CS31) CAMP State Site lm all","wide_CEC Early College (CS31).csv","CAMP State Site lm all",47.6206371386163,5.36705231590805,10.0252114303318,12.1643232927202,5.64190499788262,31035
"3","wide_Centennial (CS12) CAMP State Site lm all","wide_Centennial (CS12).csv","CAMP State Site lm all",54.8654682848568,1.83447751410618,7.27317264730026,9.17065232741868,5.20210014869996,55698
"4","wide_College View Elem (A2JCKC55_2.3) CAMP State Site lm all","wide_College View Elem (A2JCKC55_2.3).csv","CAMP State Site lm all",114.382149293942,3.08187092867779,8.81555640893662,11.7699905042493,7.70603613031382,62312
"5","wide_Collegiate Prep (CS33) CAMP State Site lm all","wide_Collegiate Prep (CS33).csv","CAMP State Site lm all",44.4583696629993,4.91558669221055,9.26484323795305,11.1613657568941,5.12341172881826,30385
"6","wide_Columbian Elem (CS23) CAMP State Site lm all","wide_Columbian Elem (CS23).csv","CAMP State Site lm all",121.928719765591,3.38458286266657,9.87588812220012,12.4430269303166,7.11199368439865,110010
"7","wide_Columbine Elem (CS22) CAMP State Site lm all","wide_Columbine Elem (CS22).csv","CAMP State Site lm all",113.042603503772,3.43991922131407,8.7007624494969,10.9773900563466,6.22169501703857,118224
"8","wide_Denver Montessori High (CS27) CAMP State Site lm all","wide_Denver Montessori High (CS27).csv","CAMP State Site lm all",106.644011776176,2.83246130404708,8.9744248671302,11.1145117081769,6.13526332073945,116358
"9","wide_Emily Griffith HS (CS28) CAMP State Site lm all","wide_Emily Griffith HS (CS28).csv","CAMP State Site lm all",36.3848023408735,3.84221244597934,7.79262454724495,9.51053227888494,4.75397135867192,39636
"10","wide_Farrell B Howell (CS25) CAMP State Site lm all","wide_Farrell B Howell (CS25).csv","CAMP State Site lm all",132.954749763711,2.86095968361588,8.68998791532051,11.0492812057137,6.48319470927779,120534
"11","wide_Garden Place (CS8) CAMP State Site lm all","wide_Garden Place (CS8).csv","CAMP State Site lm all",114.799855892999,1.24834219315931,7.77777310449071,10.0084719967869,6.38595679371087,134472
"12","wide_Gust (CS15) CAMP State Site lm all","wide_Gust (CS15).csv","CAMP State Site lm all",104.561533005262,3.14421893814306,8.41212104617692,10.3575523105714,5.61780568328514,135468
"13","wide_JFK High School (AKLZ678D_3.2) CAMP State Site lm all","wide_JFK High School (AKLZ678D_3.2).csv","CAMP State Site lm all",114.080891178676,1.78474520430362,9.44380280674357,12.228044797047,7.41756516247118,29880
"14","wide_Joe Shoemaker (CS21) CAMP State Site lm all","wide_Joe Shoemaker (CS21).csv","CAMP State Site lm all",109.626039558373,3.18328305807991,8.25548179828258,10.5601208103664,6.15879521997054,120588
"15","wide_Manual HS (CS9) CAMP State Site lm all","wide_Manual HS (CS9).csv","CAMP State Site lm all",103.25697531641,-0.0321325499036687,6.94371859755856,8.92603798479281,6.2851158044515,115344
"16","wide_Merrill Middle School (CJ_002) CAMP State Site lm all","wide_Merrill Middle School (CJ_002).csv","CAMP State Site lm all",41.4840679664628,4.39428711568995,8.91711222130157,10.691930727351,4.70577891504916,18085
"17","wide_MLK HS (CS32) CAMP State Site lm all","wide_MLK HS (CS32).csv","CAMP State Site lm all",51.0395448263617,4.66888295542316,9.0196653594348,10.9964201883084,5.23355343401542,30955
"18","wide_MSLA (CS34) CAMP State Site lm all","wide_MSLA (CS34).csv","CAMP State Site lm all",36.6690896936624,2.38819131108661,7.07180738770379,9.16799075974803,5.61195936122313,18055
"19","wide_Newlon Elementary (CJ_001) CAMP State Site lm all","wide_Newlon Elementary (CJ_001).csv","CAMP State Site lm all",47.2428284688117,4.67964812121737,9.2926133865678,11.2865943799035,5.15363688101704,17725
"20","wide_Northeast Early (CS10) CAMP State Site lm all","wide_Northeast Early (CS10).csv","CAMP State Site lm all",118.406471770328,2.08165024266272,7.97429892112333,9.95017148700068,5.94192253044813,133878
"21","wide_Northfield HS (A88W8NWB_3.4) CAMP State Site lm all","wide_Northfield HS (A88W8NWB_3.4).csv","CAMP State Site lm all",110.00733430915,3.1817979571293,9.50347257061078,12.3401789401703,7.3999862991592,30848
"22","wide_Palmer Elementary (AFL5CTX2_2.1) CAMP State Site lm all","wide_Palmer Elementary (AFL5CTX2_2.1).csv","CAMP State Site lm all",47.3448684083767,3.01166059288944,8.46738643928263,10.3031398518317,5.63368823930322,34820
"23","wide_Prep Academy (CS17) CAMP State Site lm all","wide_Prep Academy (CS17).csv","CAMP State Site lm all",113.449778313037,2.71555900727109,8.8794385106019,11.1406816740575,6.34196375718243,130680
"24","wide_Sabin (CS11) CAMP State Site lm all","wide_Sabin (CS11).csv","CAMP State Site lm all",111.543665836469,0.176370833446202,6.87932327803956,8.8531448155406,6.18709532991782,122688
"25","wide_Sandra Todd-Williams Academy (CJ_004) CAMP State Site lm all","wide_Sandra Todd-Williams Academy (CJ_004).csv","CAMP State Site lm all",24.3805435133297,4.56022436839623,8.68177215695166,9.53905401921377,2.9739167743061,3720
"26","wide_South High (CS18) CAMP State Site lm all","wide_South High (CS18).csv","CAMP State Site lm all",111.117189046681,3.13008563195613,8.88012559652809,11.2051965173267,6.28352210885834,125838
"27","wide_STRIVE Prep Kepner (AWCJB9CN_2.2) CAMP State Site lm all","wide_STRIVE Prep Kepner (AWCJB9CN_2.2).csv","CAMP State Site lm all",51.0327365791441,3.66706280250737,9.09018078860117,11.214909496901,6.01774231445416,13492
"28","wide_STRIVE Prep Smart (CS35) CAMP State Site lm all","wide_STRIVE Prep Smart (CS35).csv","CAMP State Site lm all",42.5358900498575,5.35568903529717,9.37799527251011,11.3769255572458,5.10748909254586,30990
"29","wide_Swansea Elementary (CS7) CAMP State Site lm all","wide_Swansea Elementary (CS7).csv","CAMP State Site lm all",122.545883859884,0.0400165325566126,7.60794884808687,9.88613310121716,6.79494574966562,137052
"30","wide_University Park Elem (CS26) CAMP State Site lm all","wide_University Park Elem (CS26).csv","CAMP State Site lm all",113.72493525814,3.67281848204663,8.74536491851439,11.1237607848396,6.26606075228007,117786
"31","wide_University Prep-Steele (CS20) CAMP State Site lm all","wide_University Prep-Steele (CS20).csv","CAMP State Site lm all",105.822233372486,2.4063942479886,8.37665170442704,10.2447905461236,5.54868276073118,131172
"32","wide_Bruce Randolph (CS19) I-25 Denver State Site lm all","wide_Bruce Randolph (CS19).csv","I-25 Denver State Site lm all",112.906981940815,0.822051771881058,5.25165840004481,8.04010854281251,6.78131882250543,79716
"33","wide_CEC Early College (CS31) I-25 Denver State Site lm all","wide_CEC Early College (CS31).csv","I-25 Denver State Site lm all",41.3550324524841,1.38756715721631,5.02355668738266,7.06968077516372,5.43652672582873,31035
"34","wide_Centennial (CS12) I-25 Denver State Site lm all","wide_Centennial (CS12).csv","I-25 Denver State Site lm all",51.8603529255698,1.85726054612304,5.95221050189941,7.85755978794559,4.99357197376126,55698
"35","wide_College View Elem (A2JCKC55_2.3) I-25 Denver State Site lm all","wide_College View Elem (A2JCKC55_2.3).csv","I-25 Denver State Site lm all",107.483612460687,0.505181008141755,4.81569780326193,7.768689486002,7.53348801166093,62312
"36","wide_Collegiate Prep (CS33) I-25 Denver State Site lm all","wide_Collegiate Prep (CS33).csv","I-25 Denver State Site lm all",38.219571796785,1.15425178474869,4.20401836526508,6.06804289325747,4.94538318255877,30385
"37","wide_Columbian Elem (CS23) I-25 Denver State Site lm all","wide_Columbian Elem (CS23).csv","I-25 Denver State Site lm all",113.369465176419,1.20574777884911,6.13690996626433,8.66122329514596,6.81460930043467,110010
"38","wide_Columbine Elem (CS22) I-25 Denver State Site lm all","wide_Columbine Elem (CS22).csv","I-25 Denver State Site lm all",104.87845690109,1.13688425722798,5.00698970959506,7.35042420030965,5.95866770564989,118224
"39","wide_Denver Montessori High (CS27) I-25 Denver State Site lm all","wide_Denver Montessori High (CS27).csv","I-25 Denver State Site lm all",98.7188901904292,0.850502464594025,5.3142465205757,7.49067369954474,5.85101623701033,116358
"40","wide_Emily Griffith HS (CS28) I-25 Denver State Site lm all","wide_Emily Griffith HS (CS28).csv","I-25 Denver State Site lm all",32.7078212166913,2.28590860077535,5.04210529840949,6.74946305090709,4.5710269544991,39636
"41","wide_Farrell B Howell (CS25) I-25 Denver State Site lm all","wide_Farrell B Howell (CS25).csv","I-25 Denver State Site lm all",123.990271236271,0.812342969265478,4.98814539451767,7.40378463064543,6.20844616140829,120534
"42","wide_Garden Place (CS8) I-25 Denver State Site lm all","wide_Garden Place (CS8).csv","I-25 Denver State Site lm all",108.507625824832,0.479725669018408,5.90723692387287,8.11783702819551,6.19043949062472,134472
"43","wide_Gust (CS15) I-25 Denver State Site lm all","wide_Gust (CS15).csv","I-25 Denver State Site lm all",97.1005453127749,0.850080413834742,4.71763587914697,6.80115470966946,5.41177533400163,135468
"44","wide_JFK High School (AKLZ678D_3.2) I-25 Denver State Site lm all","wide_JFK High School (AKLZ678D_3.2).csv","I-25 Denver State Site lm all",105.800151057224,0.66199344617168,5.15934461110774,7.95482937333566,7.15870588663189,29880
"45","wide_Joe Shoemaker (CS21) I-25 Denver State Site lm all","wide_Joe Shoemaker (CS21).csv","I-25 Denver State Site lm all",101.555525823244,0.799767903524122,4.54790394798692,6.99186244039688,5.9099047641044,120588
"46","wide_Manual HS (CS9) I-25 Denver State Site lm all","wide_Manual HS (CS9).csv","I-25 Denver State Site lm all",97.3421021806328,0.172487929164199,5.33293019852005,7.5624427714171,6.04597637821214,115344
"47","wide_Merrill Middle School (CJ_002) I-25 Denver State Site lm all","wide_Merrill Middle School (CJ_002).csv","I-25 Denver State Site lm all",35.4226711867145,0.669802950799203,3.83354732218682,5.57897379117386,4.58071874279379,18085
"48","wide_MLK HS (CS32) I-25 Denver State Site lm all","wide_MLK HS (CS32).csv","I-25 Denver State Site lm all",44.6844924350245,1.02007444770873,3.95753707436004,5.93162348630506,5.06902515486325,30955
"49","wide_MSLA (CS34) I-25 Denver State Site lm all","wide_MSLA (CS34).csv","I-25 Denver State Site lm all",35.0934883332322,3.06620860020256,6.49617194443531,8.48809199820237,5.38491650907621,18055
"50","wide_Newlon Elementary (CJ_001) I-25 Denver State Site lm all","wide_Newlon Elementary (CJ_001).csv","I-25 Denver State Site lm all",41.0009142852218,0.805503802526621,4.21286935205058,6.15524924692686,4.98445486955218,17725
"51","wide_Northeast Early (CS10) I-25 Denver State Site lm all","wide_Northeast Early (CS10).csv","I-25 Denver State Site lm all",111.707210705638,0.460695073547959,5.77978508538595,7.77418278896903,5.77296908361389,133878
"52","wide_Northfield HS (A88W8NWB_3.4) I-25 Denver State Site lm all","wide_Northfield HS (A88W8NWB_3.4).csv","I-25 Denver State Site lm all",101.883754306098,1.1657364665391,5.18203580770743,8.0505448900759,7.17330854151045,30848
"53","wide_Palmer Elementary (AFL5CTX2_2.1) I-25 Denver State Site lm all","wide_Palmer Elementary (AFL5CTX2_2.1).csv","I-25 Denver State Site lm all",41.3761037422584,0.892890648082525,4.58298225948948,6.71293121492416,5.46079509999544,34820
"54","wide_Prep Academy (CS17) I-25 Denver State Site lm all","wide_Prep Academy (CS17).csv","I-25 Denver State Site lm all",105.600466883032,0.777333703205666,5.24224176306853,7.55252501130642,6.12373280009985,130680
"55","wide_Sabin (CS11) I-25 Denver State Site lm all","wide_Sabin (CS11).csv","I-25 Denver State Site lm all",105.080764422336,0.666220956124641,4.8211641885339,7.09785430690357,5.88463525689809,122688
"56","wide_Sandra Todd-Williams Academy (CJ_004) I-25 Denver State Site lm all","wide_Sandra Todd-Williams Academy (CJ_004).csv","I-25 Denver State Site lm all",19.6536807561258,0.617822665003419,3.54929559080615,4.54434652929665,2.95772889314134,3720
"57","wide_South High (CS18) I-25 Denver State Site lm all","wide_South High (CS18).csv","I-25 Denver State Site lm all",103.360493459598,0.893497065814501,5.31659159686938,7.65057213764025,6.07587359125286,125838
"58","wide_STRIVE Prep Kepner (AWCJB9CN_2.2) I-25 Denver State Site lm all","wide_STRIVE Prep Kepner (AWCJB9CN_2.2).csv","I-25 Denver State Site lm all",44.9793989009465,1.22766401319538,4.95716560438501,7.21776359992846,5.93987948380474,13492
"59","wide_STRIVE Prep Smart (CS35) I-25 Denver State Site lm all","wide_STRIVE Prep Smart (CS35).csv","I-25 Denver State Site lm all",36.334968711778,1.48030433537443,4.3865972873054,6.29705022776033,4.92124752484941,30990
"60","wide_Swansea Elementary (CS7) I-25 Denver State Site lm all","wide_Swansea Elementary (CS7).csv","I-25 Denver State Site lm all",115.889694968053,0.474907384949214,5.74070179425721,8.18834273483783,6.51366229821553,137052
"61","wide_University Park Elem (CS26) I-25 Denver State Site lm all","wide_University Park Elem (CS26).csv","I-25 Denver State Site lm all",105.496749925096,1.14522997861945,5.09011567208952,7.48924066830697,6.01015556181534,117786
"62","wide_University Prep-Steele (CS20) I-25 Denver State Site lm all","wide_University Prep-Steele (CS20).csv","I-25 Denver State Site lm all",98.2849429676013,0.809014121514156,4.73465557296778,6.7543369924386,5.31130092185407,131172
"63","wide_Bruce Randolph (CS19) I-25 Globeville State Site lm all","wide_Bruce Randolph (CS19).csv","I-25 Globeville State Site lm all",123.812901906789,2.95929879293235,7.36633840338143,10.3103935522542,7.28541044312402,79716
"64","wide_CEC Early College (CS31) I-25 Globeville State Site lm all","wide_CEC Early College (CS31).csv","I-25 Globeville State Site lm all",47.8508843031997,3.89526937833328,7.41579561959708,9.68732437029607,6.00592802063098,31035
"65","wide_Centennial (CS12) I-25 Globeville State Site lm all","wide_Centennial (CS12).csv","I-25 Globeville State Site lm all",57.9202308922058,2.88350220440942,6.59282425780666,8.6695627023376,5.52845009069239,55698
"66","wide_College View Elem (A2JCKC55_2.3) I-25 Globeville State Site lm all","wide_College View Elem (A2JCKC55_2.3).csv","I-25 Globeville State Site lm all",120.552450261184,3.07172714232703,6.84917945687753,10.0596455737088,8.18444326050269,62312
"67","wide_Collegiate Prep (CS33) I-25 Globeville State Site lm all","wide_Collegiate Prep (CS33).csv","I-25 Globeville State Site lm all",44.3360350515495,3.65835337710678,6.4338346496916,8.546891775498,5.43580785808472,30385
"68","wide_Columbian Elem (CS23) I-25 Globeville State Site lm all","wide_Columbian Elem (CS23).csv","I-25 Globeville State Site lm all",124.503570471283,3.40812221112388,8.01998804467101,10.7220922674973,7.41278242082107,110010
"69","wide_Columbine Elem (CS22) I-25 Globeville State Site lm all","wide_Columbine Elem (CS22).csv","I-25 Globeville State Site lm all",115.126205688752,3.32172000280293,6.74802591615353,9.25352434177631,6.4690695736056,118224
"70","wide_Denver Montessori High (CS27) I-25 Globeville State Site lm all","wide_Denver Montessori High (CS27).csv","I-25 Globeville State Site lm all",108.295980011026,3.08887872581506,7.07753870130519,9.39465273544707,6.35339390030545,116358
"71","wide_Emily Griffith HS (CS28) I-25 Globeville State Site lm all","wide_Emily Griffith HS (CS28).csv","I-25 Globeville State Site lm all",34.7663861727894,3.52969633988441,6.09349901799692,8.00669305255187,5.00963457579639,39636
"72","wide_Farrell B Howell (CS25) I-25 Globeville State Site lm all","wide_Farrell B Howell (CS25).csv","I-25 Globeville State Site lm all",136.292292411251,3.0998152913147,6.67041804479214,9.30433569737398,6.74586710044304,120534
"73","wide_Garden Place (CS8) I-25 Globeville State Site lm all","wide_Garden Place (CS8).csv","I-25 Globeville State Site lm all",118.363548938729,2.62266872210476,7.04717263211736,9.48194546770268,6.74020071249268,134472
"74","wide_Gust (CS15) I-25 Globeville State Site lm all","wide_Gust (CS15).csv","I-25 Globeville State Site lm all",106.343816584994,3.21871127157596,6.35977010974275,8.60633902113938,5.83451728668829,135468
"75","wide_JFK High School (AKLZ678D_3.2) I-25 Globeville State Site lm all","wide_JFK High School (AKLZ678D_3.2).csv","I-25 Globeville State Site lm all",116.301515276581,2.6122282696664,7.33149789367096,10.2277731330008,7.52833491424902,29880
"76","wide_Joe Shoemaker (CS21) I-25 Globeville State Site lm all","wide_Joe Shoemaker (CS21).csv","I-25 Globeville State Site lm all",111.431569575917,3.18839058615167,6.23630421666793,8.89456076181769,6.39683659278081,120588
"77","wide_Manual HS (CS9) I-25 Globeville State Site lm all","wide_Manual HS (CS9).csv","I-25 Globeville State Site lm all",105.978360796326,2.14077881212658,6.45331458264947,8.87724452703114,6.52451564705791,115344
"78","wide_Merrill Middle School (CJ_002) I-25 Globeville State Site lm all","wide_Merrill Middle School (CJ_002).csv","I-25 Globeville State Site lm all",41.8255082507814,3.51227698002442,6.24402540091316,8.2675868288752,5.19376379537244,18085
"79","wide_MLK HS (CS32) I-25 Globeville State Site lm all","wide_MLK HS (CS32).csv","I-25 Globeville State Site lm all",51.5922373789056,3.56400300801099,6.17463674495458,8.4251812915269,5.58297799782116,30955
"80","wide_MSLA (CS34) I-25 Globeville State Site lm all","wide_MSLA (CS34).csv","I-25 Globeville State Site lm all",36.4063183488257,3.32891065051111,6.73198764655028,8.88999174254299,5.87212147195207,18055
"81","wide_Newlon Elementary (CJ_001) I-25 Globeville State Site lm all","wide_Newlon Elementary (CJ_001).csv","I-25 Globeville State Site lm all",47.8628691562305,3.56570300857979,6.66169751295554,8.84162386120699,5.6357523008047,17725
"82","wide_Northeast Early (CS10) I-25 Globeville State Site lm all","wide_Northeast Early (CS10).csv","I-25 Globeville State Site lm all",121.742872850148,2.73887900166573,6.79297443668007,8.99526890574318,6.21863078738799,133878
"83","wide_Northfield HS (A88W8NWB_3.4) I-25 Globeville State Site lm all","wide_Northfield HS (A88W8NWB_3.4).csv","I-25 Globeville State Site lm all",111.952704661883,3.19713442782529,7.33477364003983,10.2798514384854,7.52364264838813,30848
"84","wide_Palmer Elementary (AFL5CTX2_2.1) I-25 Globeville State Site lm all","wide_Palmer Elementary (AFL5CTX2_2.1).csv","I-25 Globeville State Site lm all",47.9323256932913,3.25029862624636,6.47289506921757,8.80049475016737,5.98031914595212,34820
"85","wide_Prep Academy (CS17) I-25 Globeville State Site lm all","wide_Prep Academy (CS17).csv","I-25 Globeville State Site lm all",115.719122968522,3.0726318005439,6.9999072538781,9.45529434511881,6.65960212323143,130680
"86","wide_Sabin (CS11) I-25 Globeville State Site lm all","wide_Sabin (CS11).csv","I-25 Globeville State Site lm all",114.703572403548,2.22742929219822,5.98795774988975,8.4927686438565,6.36892842679032,122688
"87","wide_Sandra Todd-Williams Academy (CJ_004) I-25 Globeville State Site lm all","wide_Sandra Todd-Williams Academy (CJ_004).csv","I-25 Globeville State Site lm all",24.5877908162575,3.54223621846305,6.06108383428525,7.2211340616984,3.38666890280652,3720
"88","wide_South High (CS18) I-25 Globeville State Site lm all","wide_South High (CS18).csv","I-25 Globeville State Site lm all",113.23190446868,3.1776835098745,7.08223696220678,9.56927087997532,6.59490943248164,125838
"89","wide_STRIVE Prep Kepner (AWCJB9CN_2.2) I-25 Globeville State Site lm all","wide_STRIVE Prep Kepner (AWCJB9CN_2.2).csv","I-25 Globeville State Site lm all",51.9731298357567,3.51288452304511,7.02850187095289,9.46649192457809,6.39412761192645,13492
"90","wide_STRIVE Prep Smart (CS35) I-25 Globeville State Site lm all","wide_STRIVE Prep Smart (CS35).csv","I-25 Globeville State Site lm all",42.3189225797986,3.94998855316685,6.70034199212803,8.81080840511792,5.41896833473762,30990
"91","wide_Swansea Elementary (CS7) I-25 Globeville State Site lm all","wide_Swansea Elementary (CS7).csv","I-25 Globeville State Site lm all",126.509104709003,2.17391478644494,7.00150047058139,9.65706687379899,7.1319856730621,137052
"92","wide_University Park Elem (CS26) I-25 Globeville State Site lm all","wide_University Park Elem (CS26).csv","I-25 Globeville State Site lm all",115.786465564567,3.41826977579098,6.84190670047889,9.4213255593543,6.52493122822662,117786
"93","wide_University Prep-Steele (CS20) I-25 Globeville State Site lm all","wide_University Prep-Steele (CS20).csv","I-25 Globeville State Site lm all",107.620670841908,2.98432587269403,6.37125579217827,8.5302364631168,5.739884372125,131172
"94","wide_Bruce Randolph (CS19) La Casa State Site lm all","wide_Bruce Randolph (CS19).csv","La Casa State Site lm all",124.757436675621,1.17880805093428,5.764137638712,8.82938529756457,7.66232829790752,79716
"95","wide_CEC Early College (CS31) La Casa State Site lm all","wide_CEC Early College (CS31).csv","La Casa State Site lm all",44.0244857514862,1.69085431454317,5.33485847272473,7.58377164326031,6.05160118401182,31035
"96","wide_Centennial (CS12) La Casa State Site lm all","wide_Centennial (CS12).csv","La Casa State Site lm all",56.2563220894179,1.95551098038618,6.03299613906437,8.16360963095098,5.65543571088265,55698
"97","wide_College View Elem (A2JCKC55_2.3) La Casa State Site lm all","wide_College View Elem (A2JCKC55_2.3).csv","La Casa State Site lm all",115.950341344664,1.1607489035281,5.30849928166514,8.59292832672439,8.42629321281869,62312
"98","wide_Collegiate Prep (CS33) La Casa State Site lm all","wide_Collegiate Prep (CS33).csv","La Casa State Site lm all",40.5353155213957,1.27630910233141,4.43869746249645,6.49970049381865,5.5546308475044,30385
"99","wide_Columbian Elem (CS23) La Casa State Site lm all","wide_Columbian Elem (CS23).csv","La Casa State Site lm all",125.3277882745,1.42017166209523,6.6063982490788,9.4109518195748,7.71362151883897,110010
"100","wide_Columbine Elem (CS22) La Casa State Site lm all","wide_Columbine Elem (CS22).csv","La Casa State Site lm all",116.188487988366,1.4013916725247,5.37613070200605,8.00032261488138,6.81434104783729,118224
"101","wide_Denver Montessori High (CS27) La Casa State Site lm all","wide_Denver Montessori High (CS27).csv","La Casa State Site lm all",109.536346027969,1.08748561687005,5.66396453058267,8.1113298940157,6.70243184055753,116358
"102","wide_Emily Griffith HS (CS28) La Casa State Site lm all","wide_Emily Griffith HS (CS28).csv","La Casa State Site lm all",38.1129751680318,2.04914845940576,5.0789610352063,6.96241628408347,5.27216659465884,39636
"103","wide_Farrell B Howell (CS25) La Casa State Site lm all","wide_Farrell B Howell (CS25).csv","La Casa State Site lm all",136.775636308286,1.08120703365752,5.25290190200695,8.00018643660286,7.07407951138619,120534
"104","wide_Garden Place (CS8) La Casa State Site lm all","wide_Garden Place (CS8).csv","La Casa State Site lm all",119.953639376655,0.933681838143627,6.1865546602106,8.71065924153383,6.97296553407199,134472
"105","wide_Gust (CS15) La Casa State Site lm all","wide_Gust (CS15).csv","La Casa State Site lm all",107.690730435322,1.3168333698839,4.99808235128148,7.34705674470969,6.1906441946014,135468
"106","wide_JFK High School (AKLZ678D_3.2) La Casa State Site lm all","wide_JFK High School (AKLZ678D_3.2).csv","La Casa State Site lm all",117.218707180252,1.33990157550115,5.83319523604015,9.08081093265698,8.34556349659795,29880
"107","wide_Joe Shoemaker (CS21) La Casa State Site lm all","wide_Joe Shoemaker (CS21).csv","La Casa State Site lm all",112.547022903294,1.03279280474524,4.81141649442628,7.55952558322064,6.77516569350342,120588
"108","wide_Manual HS (CS9) La Casa State Site lm all","wide_Manual HS (CS9).csv","La Casa State Site lm all",107.879545830503,0.218260577861254,5.73426832107827,8.24152367598911,6.92332671073949,115344
"109","wide_Merrill Middle School (CJ_002) La Casa State Site lm all","wide_Merrill Middle School (CJ_002).csv","La Casa State Site lm all",37.7193796776865,1.03871148206766,4.10227348749556,5.92235120967894,4.92899237982305,18085
"110","wide_MLK HS (CS32) La Casa State Site lm all","wide_MLK HS (CS32).csv","La Casa State Site lm all",47.5492602612193,1.16893142578469,4.1541678901857,6.32181274503482,5.69300186517658,30955
"111","wide_MSLA (CS34) La Casa State Site lm all","wide_MSLA (CS34).csv","La Casa State Site lm all",40.3213138754944,2.83040166975971,6.4872823709796,8.73960429253766,6.14956909979247,18055
"112","wide_Newlon Elementary (CJ_001) La Casa State Site lm all","wide_Newlon Elementary (CJ_001).csv","La Casa State Site lm all",43.7976655156259,1.10764371264266,4.48812668871464,6.52980228966652,5.33885942266361,17725
"113","wide_Northeast Early (CS10) La Casa State Site lm all","wide_Northeast Early (CS10).csv","La Casa State Site lm all",123.29076425006,0.836980055535487,5.94380358529015,8.26286566949331,6.54421542776727,133878
"114","wide_Northfield HS (A88W8NWB_3.4) La Casa State Site lm all","wide_Northfield HS (A88W8NWB_3.4).csv","La Casa State Site lm all",113.022260511866,1.38468734154975,5.83466161397224,9.16874350170816,8.39625615579866,30848
"115","wide_Palmer Elementary (AFL5CTX2_2.1) La Casa State Site lm all","wide_Palmer Elementary (AFL5CTX2_2.1).csv","La Casa State Site lm all",44.3629569725459,1.39993391508432,4.99476138535384,7.32908743331231,6.10257516222998,34820
"116","wide_Prep Academy (CS17) La Casa State Site lm all","wide_Prep Academy (CS17).csv","La Casa State Site lm all",116.897858890575,1.31232812490378,5.63083334540555,8.16828000882874,6.93627337783225,130680
"117","wide_Sabin (CS11) La Casa State Site lm all","wide_Sabin (CS11).csv","La Casa State Site lm all",116.218311854177,1.01245366733781,5.09259493248717,7.68082133921427,6.74676134995652,122688
"118","wide_Sandra Todd-Williams Academy (CJ_004) La Casa State Site lm all","wide_Sandra Todd-Williams Academy (CJ_004).csv","La Casa State Site lm all",21.7221747903831,1.04773130733476,4.10527851247371,5.18662526402601,3.23128102768563,3720
"119","wide_South High (CS18) La Casa State Site lm all","wide_South High (CS18).csv","La Casa State Site lm all",114.504151108693,1.14986791479781,5.70482440392825,8.30984731720573,6.87960175444795,125838
"120","wide_STRIVE Prep Kepner (AWCJB9CN_2.2) La Casa State Site lm all","wide_STRIVE Prep Kepner (AWCJB9CN_2.2).csv","La Casa State Site lm all",48.2357830610849,1.15063246891788,5.32439936626585,7.77429827914883,6.6903251251703,13492
"121","wide_STRIVE Prep Smart (CS35) La Casa State Site lm all","wide_STRIVE Prep Smart (CS35).csv","La Casa State Site lm all",38.4895264556831,1.77773824310606,4.70540624335014,6.77767169238302,5.50177225214514,30990
"122","wide_Swansea Elementary (CS7) La Casa State Site lm all","wide_Swansea Elementary (CS7).csv","La Casa State Site lm all",127.873444696832,1.02428877978738,6.1505162765354,8.89372209872048,7.34893862269349,137052
"123","wide_University Park Elem (CS26) La Casa State Site lm all","wide_University Park Elem (CS26).csv","La Casa State Site lm all",116.844520749523,1.37538880265655,5.44018215068446,8.09233810474838,6.84507362198231,117786
"124","wide_University Prep-Steele (CS20) La Casa State Site lm all","wide_University Prep-Steele (CS20).csv","La Casa State Site lm all",109.019942511679,1.24873768229019,5.04409917743245,7.316654156936,6.10292039498299,131172
"125","wide_Bruce Randolph (CS19) National Jewish Health State Site lm all","wide_Bruce Randolph (CS19).csv","National Jewish Health State Site lm all",130.014144163504,0.792265003387738,6.20194765193472,9.31660678854723,7.83160299105758,79716
"126","wide_CEC Early College (CS31) National Jewish Health State Site lm all","wide_CEC Early College (CS31).csv","National Jewish Health State Site lm all",46.5655232218321,1.69626011723543,5.85449127895091,8.19980355305872,6.26160317601154,31035
"127","wide_Centennial (CS12) National Jewish Health State Site lm all","wide_Centennial (CS12).csv","National Jewish Health State Site lm all",58.9200886763376,1.60471315519441,6.23873610568068,8.43162917477546,5.84077377202251,55698
"128","wide_College View Elem (A2JCKC55_2.3) National Jewish Health State Site lm all","wide_College View Elem (A2JCKC55_2.3).csv","National Jewish Health State Site lm all",121.932390274794,0.939637392959875,5.64059620600438,9.00419468843076,8.66511328621266,62312
"129","wide_Collegiate Prep (CS33) National Jewish Health State Site lm all","wide_Collegiate Prep (CS33).csv","National Jewish Health State Site lm all",42.9325386637853,1.22125952555039,4.94675096405384,7.07590372650205,5.72917674968813,30385
"130","wide_Columbian Elem (CS23) National Jewish Health State Site lm all","wide_Columbian Elem (CS23).csv","National Jewish Health State Site lm all",130.651810188136,1.34497615761814,7.02600422870366,9.90453043543034,7.92216141066281,110010
"131","wide_Columbine Elem (CS22) National Jewish Health State Site lm all","wide_Columbine Elem (CS22).csv","National Jewish Health State Site lm all",121.007662451838,1.34939709212149,5.72612077881879,8.40638308005508,6.96885704683694,118224
"132","wide_Denver Montessori High (CS27) National Jewish Health State Site lm all","wide_Denver Montessori High (CS27).csv","National Jewish Health State Site lm all",114.007197486945,0.966275975697709,6.03313698632313,8.52651314750856,6.85303685189275,116358
"133","wide_Emily Griffith HS (CS28) National Jewish Health State Site lm all","wide_Emily Griffith HS (CS28).csv","National Jewish Health State Site lm all",38.5577607534117,2.00646324320748,5.4262512280403,7.35734499709464,5.41116090658832,39636
"134","wide_Farrell B Howell (CS25) National Jewish Health State Site lm all","wide_Farrell B Howell (CS25).csv","National Jewish Health State Site lm all",142.69670413851,0.928858547175172,5.60685502362102,8.41710123436369,7.24788852065685,120534
"135","wide_Garden Place (CS8) National Jewish Health State Site lm all","wide_Garden Place (CS8).csv","National Jewish Health State Site lm all",124.721073955072,0.558924501958188,6.34971836956599,8.93214822359109,7.15964623559749,134472
"136","wide_Gust (CS15) National Jewish Health State Site lm all","wide_Gust (CS15).csv","National Jewish Health State Site lm all",112.021151790958,1.20684998474872,5.35111219428004,7.73443766878368,6.31835948369777,135468
"137","wide_JFK High School (AKLZ678D_3.2) National Jewish Health State Site lm all","wide_JFK High School (AKLZ678D_3.2).csv","National Jewish Health State Site lm all",122.070507287159,0.886666080655343,6.17418248428751,9.43694290047114,8.45056227460303,29880
"138","wide_Joe Shoemaker (CS21) National Jewish Health State Site lm all","wide_Joe Shoemaker (CS21).csv","National Jewish Health State Site lm all",117.190213343579,0.891233284667437,5.11392124296142,7.92805571398148,6.91969440580646,120588
"139","wide_Manual HS (CS9) National Jewish Health State Site lm all","wide_Manual HS (CS9).csv","National Jewish Health State Site lm all",112.029486052818,-0.145615934587502,5.76262027925222,8.29553149095657,7.07936316767324,115344
"140","wide_Merrill Middle School (CJ_002) National Jewish Health State Site lm all","wide_Merrill Middle School (CJ_002).csv","National Jewish Health State Site lm all",39.7961528224507,0.838074128199586,4.57503991574552,6.44255049092047,5.14184451874474,18085
"141","wide_MLK HS (CS32) National Jewish Health State Site lm all","wide_MLK HS (CS32).csv","National Jewish Health State Site lm all",50.260271007034,1.07185511329356,4.62556015202571,6.87768433269923,5.86970519981181,30955
"142","wide_MSLA (CS34) National Jewish Health State Site lm all","wide_MSLA (CS34).csv","National Jewish Health State Site lm all",40.6624155848944,2.649534305914,6.66357047913927,9.01051585178518,6.3102265181778,18055
"143","wide_Newlon Elementary (CJ_001) National Jewish Health State Site lm all","wide_Newlon Elementary (CJ_001).csv","National Jewish Health State Site lm all",46.2153414394045,0.983659933951888,4.9302137014048,7.09737133801483,5.5820424562398,17725
"144","wide_Northeast Early (CS10) National Jewish Health State Site lm all","wide_Northeast Early (CS10).csv","National Jewish Health State Site lm all",128.346076043179,0.50120130553929,6.20708669533434,8.55523299367034,6.70076375144131,133878
"145","wide_Northfield HS (A88W8NWB_3.4) National Jewish Health State Site lm all","wide_Northfield HS (A88W8NWB_3.4).csv","National Jewish Health State Site lm all",117.651788964291,1.32448363089701,6.21725184607639,9.5538703110964,8.48925161338401,30848
"146","wide_Palmer Elementary (AFL5CTX2_2.1) National Jewish Health State Site lm all","wide_Palmer Elementary (AFL5CTX2_2.1).csv","National Jewish Health State Site lm all",46.8148471408078,1.35285332256389,5.29223074630895,7.71341406292215,6.30613354480872,34820
"147","wide_Prep Academy (CS17) National Jewish Health State Site lm all","wide_Prep Academy (CS17).csv","National Jewish Health State Site lm all",121.733003356837,1.15700452335399,6.0008789442549,8.59054122018385,7.11176952635245,130680
"148","wide_Sabin (CS11) National Jewish Health State Site lm all","wide_Sabin (CS11).csv","National Jewish Health State Site lm all",120.827529898514,0.579729411935104,5.16554670748021,7.77757936799796,6.8978042923343,122688
"149","wide_Sandra Todd-Williams Academy (CJ_004) National Jewish Health State Site lm all","wide_Sandra Todd-Williams Academy (CJ_004).csv","National Jewish Health State Site lm all",22.6538557200923,0.882786419797007,4.54676375130264,5.60676966272011,3.3482156209712,3720
"150","wide_South High (CS18) National Jewish Health State Site lm all","wide_South High (CS18).csv","National Jewish Health State Site lm all",119.211334664454,0.963396585794339,6.0548539790392,8.72313904384351,7.04489270760434,125838
"151","wide_STRIVE Prep Kepner (AWCJB9CN_2.2) National Jewish Health State Site lm all","wide_STRIVE Prep Kepner (AWCJB9CN_2.2).csv","National Jewish Health State Site lm all",50.8689874410423,1.20106338188751,5.67557557449132,8.24098601135949,6.86817216856547,13492
"152","wide_STRIVE Prep Smart (CS35) National Jewish Health State Site lm all","wide_STRIVE Prep Smart (CS35).csv","National Jewish Health State Site lm all",40.7711118614465,1.84839978721743,5.20030093967591,7.35713120621881,5.68097677401204,30990
"153","wide_Swansea Elementary (CS7) National Jewish Health State Site lm all","wide_Swansea Elementary (CS7).csv","National Jewish Health State Site lm all",133.086876236802,0.582905330192072,6.26442143490797,9.0471056445682,7.55355358349139,137052
"154","wide_University Park Elem (CS26) National Jewish Health State Site lm all","wide_University Park Elem (CS26).csv","National Jewish Health State Site lm all",121.713988099988,1.31312734043066,5.78246694868814,8.50509160236433,7.00317959616815,117786
"155","wide_University Prep-Steele (CS20) National Jewish Health State Site lm all","wide_University Prep-Steele (CS20).csv","National Jewish Health State Site lm all",113.431163003427,1.08301312856855,5.38243938275531,7.68884048769168,6.22767250298594,131172
"156","wide_Bruce Randolph (CS19) Swansea GRIMM lm all","wide_Bruce Randolph (CS19).csv","Swansea GRIMM lm all",127.656895544477,0.553081973170696,5.80729978544827,8.94968899379738,7.6868525683865,79716
"157","wide_CEC Early College (CS31) Swansea GRIMM lm all","wide_CEC Early College (CS31).csv","Swansea GRIMM lm all",46.1045203140176,1.19361423264398,5.45101002042978,7.73542559325204,6.12304660442301,31035
"158","wide_Centennial (CS12) Swansea GRIMM lm all","wide_Centennial (CS12).csv","Swansea GRIMM lm all",58.5439764081291,2.01843751664458,6.89644038374648,9.05358800955671,5.64452038324368,55698
"159","wide_College View Elem (A2JCKC55_2.3) Swansea GRIMM lm all","wide_College View Elem (A2JCKC55_2.3).csv","Swansea GRIMM lm all",120.740676052801,0.239524728424117,5.3240180656491,8.63811587024595,8.516365633433,62312
"160","wide_Collegiate Prep (CS33) Swansea GRIMM lm all","wide_Collegiate Prep (CS33).csv","Swansea GRIMM lm all",42.5693295279739,0.891654247019423,4.54768703368167,6.62102572709839,5.58191136459035,30385
"161","wide_Columbian Elem (CS23) Swansea GRIMM lm all","wide_Columbian Elem (CS23).csv","Swansea GRIMM lm all",128.149033236222,0.949057498399296,6.86873734379556,9.71144370756798,7.71382653794688,110010
"162","wide_Columbine Elem (CS22) Swansea GRIMM lm all","wide_Columbine Elem (CS22).csv","Swansea GRIMM lm all",118.591889269058,0.889817503995691,5.61472069779897,8.24281450735799,6.75513753161669,118224
"163","wide_Denver Montessori High (CS27) Swansea GRIMM lm all","wide_Denver Montessori High (CS27).csv","Swansea GRIMM lm all",111.664885868691,0.526781906227454,5.94241371919817,8.39403359884574,6.63364483777916,116358
"164","wide_Emily Griffith HS (CS28) Swansea GRIMM lm all","wide_Emily Griffith HS (CS28).csv","Swansea GRIMM lm all",37.4404772793295,2.46720025599244,5.75490609811964,7.66638260369121,5.18876718726209,39636
"165","wide_Farrell B Howell (CS25) Swansea GRIMM lm all","wide_Farrell B Howell (CS25).csv","Swansea GRIMM lm all",140.083104500967,0.473839392848196,5.58331297664725,8.29183565726091,7.03556112234174,120534
"166","wide_Garden Place (CS8) Swansea GRIMM lm all","wide_Garden Place (CS8).csv","Swansea GRIMM lm all",122.824689136386,0.242116785719974,6.7450563690299,9.22664337091099,7.00813650783381,134472
"167","wide_Gust (CS15) Swansea GRIMM lm all","wide_Gust (CS15).csv","Swansea GRIMM lm all",109.858203565457,0.602576941169454,5.31097290881293,7.6274112878882,6.14689998662961,135468
"168","wide_JFK High School (AKLZ678D_3.2) Swansea GRIMM lm all","wide_JFK High School (AKLZ678D_3.2).csv","Swansea GRIMM lm all",119.587146366985,0.64247841934337,5.7002444830385,8.88085458533857,8.1780376808543,29880
"169","wide_Joe Shoemaker (CS21) Swansea GRIMM lm all","wide_Joe Shoemaker (CS21).csv","Swansea GRIMM lm all",114.846386774965,0.456753250518346,5.08493670150554,7.81061650347702,6.70544825709753,120588
"170","wide_Manual HS (CS9) Swansea GRIMM lm all","wide_Manual HS (CS9).csv","Swansea GRIMM lm all",110.267735611147,-0.116682247772966,6.09432710588894,8.60190900347047,6.87063171131689,115344
"171","wide_Merrill Middle School (CJ_002) Swansea GRIMM lm all","wide_Merrill Middle School (CJ_002).csv","Swansea GRIMM lm all",39.2669170129401,0.265741172226961,4.07741407886467,5.9805336815316,5.10574192693074,18085
"172","wide_MLK HS (CS32) Swansea GRIMM lm all","wide_MLK HS (CS32).csv","Swansea GRIMM lm all",49.8117652665354,0.727527469429007,4.23961331024483,6.44777802165458,5.71936591278456,30955
"173","wide_MSLA (CS34) Swansea GRIMM lm all","wide_MSLA (CS34).csv","Swansea GRIMM lm all",40.2889677914934,3.58467867522542,7.61335477664123,9.87400811243524,6.09889487591009,18055
"174","wide_Newlon Elementary (CJ_001) Swansea GRIMM lm all","wide_Newlon Elementary (CJ_001).csv","Swansea GRIMM lm all",45.6042499179343,0.454975760527083,4.47334930072913,6.64721048954345,5.55491698032988,17725
"175","wide_Northeast Early (CS10) Swansea GRIMM lm all","wide_Northeast Early (CS10).csv","Swansea GRIMM lm all",126.463415983279,0.225786859860533,6.64070623771045,8.86797108508966,6.55554670791704,133878
"176","wide_Northfield HS (A88W8NWB_3.4) Swansea GRIMM lm all","wide_Northfield HS (A88W8NWB_3.4).csv","Swansea GRIMM lm all",115.193141885588,0.967488926015751,5.7554173145706,9.00779801286303,8.20302480667421,30848
"177","wide_Palmer Elementary (AFL5CTX2_2.1) Swansea GRIMM lm all","wide_Palmer Elementary (AFL5CTX2_2.1).csv","Swansea GRIMM lm all",46.1761711731505,0.64327447957171,5.09783181281824,7.48130783453016,6.18434979214338,34820
"178","wide_Prep Academy (CS17) Swansea GRIMM lm all","wide_Prep Academy (CS17).csv","Swansea GRIMM lm all",119.444119251917,0.507275213414657,5.87921506666439,8.46735696398989,6.93543345396116,130680
"179","wide_Sabin (CS11) Swansea GRIMM lm all","wide_Sabin (CS11).csv","Swansea GRIMM lm all",118.925838252032,0.46702108169593,5.499861739475,8.03933103839721,6.68143979497308,122688
"180","wide_Sandra Todd-Williams Academy (CJ_004) Swansea GRIMM lm all","wide_Sandra Todd-Williams Academy (CJ_004).csv","Swansea GRIMM lm all",21.6802492336351,0.219274364457079,3.81949995292969,4.88228997248965,3.29823608267731,3720
"181","wide_South High (CS18) Swansea GRIMM lm all","wide_South High (CS18).csv","Swansea GRIMM lm all",116.932485383588,0.612029318192125,5.96506087088415,8.5813841963773,6.88052352830435,125838
"182","wide_STRIVE Prep Kepner (AWCJB9CN_2.2) Swansea GRIMM lm all","wide_STRIVE Prep Kepner (AWCJB9CN_2.2).csv","Swansea GRIMM lm all",50.2055585239406,0.933730614980585,5.48695311206093,7.99710586672744,6.75037827350982,13492
"183","wide_STRIVE Prep Smart (CS35) Swansea GRIMM lm all","wide_STRIVE Prep Smart (CS35).csv","Swansea GRIMM lm all",40.4233182435584,1.32450676635566,4.73643500905999,6.88127905773935,5.54804750692556,30990
"184","wide_Swansea Elementary (CS7) Swansea GRIMM lm all","wide_Swansea Elementary (CS7).csv","Swansea GRIMM lm all",131.130378070535,0.23771205339697,6.55888441140696,9.29017752499306,7.36571749544383,137052
"185","wide_University Park Elem (CS26) Swansea GRIMM lm all","wide_University Park Elem (CS26).csv","Swansea GRIMM lm all",119.294757032536,0.879652912191977,5.67732599302163,8.37926523675172,6.80737875958407,117786
"186","wide_University Prep-Steele (CS20) Swansea GRIMM lm all","wide_University Prep-Steele (CS20).csv","Swansea GRIMM lm all",111.216991800372,0.556264902690494,5.34202728548485,7.58395767913483,6.03500734852317,131172
